incident_id,timestamp,machine_id,tep_tag,phase,synthetic_value,z_score_vs_normal,status
INC0001,2026-01-05T12:15:00,CW-101,XMEAS(21),before,39.473,-0.102,normal
INC0001,2026-01-05T12:30:00,CW-101,XMEAS(21),during,73.117,3.578,abnormal
INC0001,2026-01-05T12:45:00,CW-101,XMEAS(21),after,49.583,-0.681,normal
INC0001,2026-01-05T12:15:00,CW-101,XMV(10),before,35.072,-0.444,normal
INC0001,2026-01-05T12:30:00,CW-101,XMV(10),during,27.155,3.398,abnormal
INC0001,2026-01-05T12:45:00,CW-101,XMV(10),after,45.129,-0.24,normal
INC0002,2026-04-14T05:55:00,CW-201,XMEAS(22),before,79.872,0.97,normal
INC0002,2026-04-14T06:10:00,CW-201,XMEAS(22),during,46.609,3.573,abnormal
INC0002,2026-04-14T06:25:00,CW-201,XMEAS(22),after,78.388,-0.093,normal
INC0002,2026-04-14T05:55:00,CW-201,XMV(11),before,44.869,-0.675,normal
INC0002,2026-04-14T06:10:00,CW-201,XMV(11),during,69.127,3.239,abnormal
INC0002,2026-04-14T06:25:00,CW-201,XMV(11),after,24.998,0.367,normal
INC0003,2026-04-02T09:15:00,F-101,XMEAS(1),before,47.694,0.311,normal
INC0003,2026-04-02T09:30:00,F-101,XMEAS(1),during,52.12,3.655,abnormal
INC0003,2026-04-02T09:45:00,F-101,XMEAS(1),after,37.264,-0.47,normal
INC0003,2026-04-02T09:15:00,F-101,XMV(3),before,38.392,0.123,normal
INC0003,2026-04-02T09:30:00,F-101,XMV(3),during,82.848,3.094,abnormal
INC0003,2026-04-02T09:45:00,F-101,XMV(3),after,35.352,-0.201,normal
INC0004,2026-03-29T05:00:00,CW-201,XMEAS(22),before,57.588,0.363,normal
INC0004,2026-03-29T05:15:00,CW-201,XMEAS(22),during,64.867,2.554,abnormal
INC0004,2026-03-29T05:30:00,CW-201,XMEAS(22),after,50.434,-0.777,normal
INC0004,2026-03-29T05:00:00,CW-201,XMV(11),before,86.767,-0.093,normal
INC0004,2026-03-29T05:15:00,CW-201,XMV(11),during,38.437,3.589,abnormal
INC0004,2026-03-29T05:30:00,CW-201,XMV(11),after,32.506,0.001,normal
INC0005,2026-05-29T19:15:00,CW-101,XMEAS(21),before,77.122,0.464,normal
INC0005,2026-05-29T19:30:00,CW-101,XMEAS(21),during,57.289,3.763,abnormal
INC0005,2026-05-29T19:45:00,CW-101,XMEAS(21),after,66.183,-0.748,normal
INC0005,2026-05-29T19:15:00,CW-101,XMV(10),before,31.559,0.894,normal
INC0005,2026-05-29T19:30:00,CW-101,XMV(10),during,62.462,2.997,abnormal
INC0005,2026-05-29T19:45:00,CW-101,XMV(10),after,85.024,0.929,normal
INC0006,2026-05-02T21:55:00,F-104,XMEAS(4),before,83.379,-0.542,normal
INC0006,2026-05-02T22:10:00,F-104,XMEAS(4),during,24.96,3.561,abnormal
INC0006,2026-05-02T22:25:00,F-104,XMEAS(4),after,66.828,-0.524,normal
INC0006,2026-05-02T21:55:00,F-104,XMEAS(6),before,29.262,-0.572,normal
INC0006,2026-05-02T22:10:00,F-104,XMEAS(6),during,59.973,3.69,abnormal
INC0006,2026-05-02T22:25:00,F-104,XMEAS(6),after,74.923,-0.055,normal
INC0006,2026-05-02T21:55:00,F-104,XMV(4),before,33.329,0.615,normal
INC0006,2026-05-02T22:10:00,F-104,XMV(4),during,50.174,2.265,abnormal
INC0006,2026-05-02T22:25:00,F-104,XMV(4),after,52.692,-0.153,normal
INC0007,2026-04-26T04:15:00,F-101,XMEAS(1),before,79.409,0.853,normal
INC0007,2026-04-26T04:30:00,F-101,XMEAS(1),during,53.995,2.383,abnormal
INC0007,2026-04-26T04:45:00,F-101,XMEAS(1),after,48.073,-0.573,normal
INC0007,2026-04-26T04:15:00,F-101,XMV(3),before,46.528,-0.883,normal
INC0007,2026-04-26T04:30:00,F-101,XMV(3),during,38.564,3.775,abnormal
INC0007,2026-04-26T04:45:00,F-101,XMV(3),after,51.851,0.568,normal
INC0008,2026-04-30T03:15:00,CW-101,XMEAS(21),before,25.608,0.922,normal
INC0008,2026-04-30T03:30:00,CW-101,XMEAS(21),during,61.652,2.416,abnormal
INC0008,2026-04-30T03:45:00,CW-101,XMEAS(21),after,36.464,0.35,normal
INC0008,2026-04-30T03:15:00,CW-101,XMV(10),before,82.32,-0.76,normal
INC0008,2026-04-30T03:30:00,CW-101,XMV(10),during,61.616,2.519,abnormal
INC0008,2026-04-30T03:45:00,CW-101,XMV(10),after,49.346,0.239,normal
INC0009,2026-04-07T17:05:00,K-501,XMEAS(5),before,44.431,-0.735,normal
INC0009,2026-04-07T17:20:00,K-501,XMEAS(5),during,37.1,2.217,abnormal
INC0009,2026-04-07T17:35:00,K-501,XMEAS(5),after,50.673,-0.43,normal
INC0009,2026-04-07T17:05:00,K-501,XMEAS(20),before,41.176,0.086,normal
INC0009,2026-04-07T17:20:00,K-501,XMEAS(20),during,76.497,3.773,abnormal
INC0009,2026-04-07T17:35:00,K-501,XMEAS(20),after,66.75,0.058,normal
INC0009,2026-04-07T17:05:00,K-501,XMV(5),before,85.223,0.109,normal
INC0009,2026-04-07T17:20:00,K-501,XMV(5),during,81.469,2.276,abnormal
INC0009,2026-04-07T17:35:00,K-501,XMV(5),after,82.28,-0.471,normal
INC0010,2026-01-27T17:55:00,T-401,XMEAS(15),before,38.337,0.274,normal
INC0010,2026-01-27T18:10:00,T-401,XMEAS(15),during,58.618,3.36,abnormal
INC0010,2026-01-27T18:25:00,T-401,XMEAS(15),after,20.677,-0.145,normal
INC0010,2026-01-27T17:55:00,T-401,XMEAS(16),before,81.817,-0.85,normal
INC0010,2026-01-27T18:10:00,T-401,XMEAS(16),during,58.191,3.637,abnormal
INC0010,2026-01-27T18:25:00,T-401,XMEAS(16),after,60.776,0.669,normal
INC0010,2026-01-27T17:55:00,T-401,XMEAS(17),before,28.921,-0.704,normal
INC0010,2026-01-27T18:10:00,T-401,XMEAS(17),during,82.929,2.624,abnormal
INC0010,2026-01-27T18:25:00,T-401,XMEAS(17),after,80.249,0.592,normal
INC0010,2026-01-27T17:55:00,T-401,XMEAS(18),before,34.705,0.798,normal
INC0010,2026-01-27T18:10:00,T-401,XMEAS(18),during,27.196,2.524,abnormal
INC0010,2026-01-27T18:25:00,T-401,XMEAS(18),after,81.889,0.56,normal
INC0011,2026-04-17T04:15:00,CW-101,XMEAS(21),before,75.674,-0.39,normal
INC0011,2026-04-17T04:30:00,CW-101,XMEAS(21),during,21.657,2.487,abnormal
INC0011,2026-04-17T04:45:00,CW-101,XMEAS(21),after,42.978,-0.614,normal
INC0011,2026-04-17T04:15:00,CW-101,XMV(10),before,87.682,0.729,normal
INC0011,2026-04-17T04:30:00,CW-101,XMV(10),during,64.904,2.575,abnormal
INC0011,2026-04-17T04:45:00,CW-101,XMV(10),after,88.68,-0.201,normal
INC0012,2026-02-26T17:45:00,T-401,XMEAS(15),before,33.306,0.799,normal
INC0012,2026-02-26T18:00:00,T-401,XMEAS(15),during,50.524,2.175,abnormal
INC0012,2026-02-26T18:15:00,T-401,XMEAS(15),after,76.456,0.04,normal
INC0012,2026-02-26T17:45:00,T-401,XMEAS(16),before,85.818,0.374,normal
INC0012,2026-02-26T18:00:00,T-401,XMEAS(16),during,33.792,3.353,abnormal
INC0012,2026-02-26T18:15:00,T-401,XMEAS(16),after,86.421,-0.137,normal
INC0012,2026-02-26T17:45:00,T-401,XMEAS(17),before,63.621,0.842,normal
INC0012,2026-02-26T18:00:00,T-401,XMEAS(17),during,28.724,3.228,abnormal
INC0012,2026-02-26T18:15:00,T-401,XMEAS(17),after,55.499,0.8,normal
INC0012,2026-02-26T17:45:00,T-401,XMEAS(18),before,42.833,0.334,normal
INC0012,2026-02-26T18:00:00,T-401,XMEAS(18),during,58.809,3.285,abnormal
INC0012,2026-02-26T18:15:00,T-401,XMEAS(18),after,66.545,-0.616,normal
INC0013,2026-04-26T20:15:00,R-101,XMEAS(7),before,77.29,-0.33,normal
INC0013,2026-04-26T20:30:00,R-101,XMEAS(7),during,67.096,3.377,abnormal
INC0013,2026-04-26T20:45:00,R-101,XMEAS(7),after,33.939,-0.551,normal
INC0013,2026-04-26T20:15:00,R-101,XMEAS(8),before,37.139,-0.951,normal
INC0013,2026-04-26T20:30:00,R-101,XMEAS(8),during,79.482,2.908,abnormal
INC0013,2026-04-26T20:45:00,R-101,XMEAS(8),after,49.011,-0.854,normal
INC0013,2026-04-26T20:15:00,R-101,XMEAS(9),before,33.61,0.26,normal
INC0013,2026-04-26T20:30:00,R-101,XMEAS(9),during,54.606,3.284,abnormal
INC0013,2026-04-26T20:45:00,R-101,XMEAS(9),after,65.924,-0.512,normal
INC0013,2026-04-26T20:15:00,R-101,XMEAS(21),before,72.568,-0.989,normal
INC0013,2026-04-26T20:30:00,R-101,XMEAS(21),during,27.461,3.409,abnormal
INC0013,2026-04-26T20:45:00,R-101,XMEAS(21),after,32.312,-0.15,normal
INC0014,2026-03-21T11:45:00,V-301,XMEAS(12),before,37.307,-0.482,normal
INC0014,2026-03-21T12:00:00,V-301,XMEAS(12),during,73.607,3.184,abnormal
INC0014,2026-03-21T12:15:00,V-301,XMEAS(12),after,63.872,0.043,normal
INC0014,2026-03-21T11:45:00,V-301,XMEAS(13),before,25.424,-0.451,normal
INC0014,2026-03-21T12:00:00,V-301,XMEAS(13),during,39.02,2.586,abnormal
INC0014,2026-03-21T12:15:00,V-301,XMEAS(13),after,57.811,-0.361,normal
INC0014,2026-03-21T11:45:00,V-301,XMEAS(14),before,36.188,-0.723,normal
INC0014,2026-03-21T12:00:00,V-301,XMEAS(14),during,69.449,3.28,abnormal
INC0014,2026-03-21T12:15:00,V-301,XMEAS(14),after,48.532,-0.872,normal
INC0014,2026-03-21T11:45:00,V-301,XMV(7),before,49.104,0.085,normal
INC0014,2026-03-21T12:00:00,V-301,XMV(7),during,49.41,2.452,abnormal
INC0014,2026-03-21T12:15:00,V-301,XMV(7),after,60.886,0.81,normal
INC0015,2026-05-27T11:30:00,F-104,XMEAS(4),before,78.835,0.448,normal
INC0015,2026-05-27T11:45:00,F-104,XMEAS(4),during,88.651,3.663,abnormal
INC0015,2026-05-27T12:00:00,F-104,XMEAS(4),after,83.485,0.068,normal
INC0015,2026-05-27T11:30:00,F-104,XMEAS(6),before,66.41,0.184,normal
INC0015,2026-05-27T11:45:00,F-104,XMEAS(6),during,50.003,2.243,abnormal
INC0015,2026-05-27T12:00:00,F-104,XMEAS(6),after,32.721,0.734,normal
INC0015,2026-05-27T11:30:00,F-104,XMV(4),before,42.915,-0.48,normal
INC0015,2026-05-27T11:45:00,F-104,XMV(4),during,43.625,2.873,abnormal
INC0015,2026-05-27T12:00:00,F-104,XMV(4),after,39.478,0.759,normal
INC0016,2026-02-13T07:30:00,CW-101,XMEAS(21),before,59.478,0.339,normal
INC0016,2026-02-13T07:45:00,CW-101,XMEAS(21),during,68.963,2.471,abnormal
INC0016,2026-02-13T08:00:00,CW-101,XMEAS(21),after,31.745,0.534,normal
INC0016,2026-02-13T07:30:00,CW-101,XMV(10),before,72.355,0.214,normal
INC0016,2026-02-13T07:45:00,CW-101,XMV(10),during,77.351,2.295,abnormal
INC0016,2026-02-13T08:00:00,CW-101,XMV(10),after,27.567,0.929,normal
INC0017,2026-02-23T11:05:00,F-104,XMEAS(4),before,65.328,-0.862,normal
INC0017,2026-02-23T11:20:00,F-104,XMEAS(4),during,49.404,2.122,abnormal
INC0017,2026-02-23T11:35:00,F-104,XMEAS(4),after,50.347,-0.02,normal
INC0017,2026-02-23T11:05:00,F-104,XMEAS(6),before,82.41,-0.276,normal
INC0017,2026-02-23T11:20:00,F-104,XMEAS(6),during,30.709,2.882,abnormal
INC0017,2026-02-23T11:35:00,F-104,XMEAS(6),after,56.522,-0.648,normal
INC0017,2026-02-23T11:05:00,F-104,XMV(4),before,63.114,0.301,normal
INC0017,2026-02-23T11:20:00,F-104,XMV(4),during,74.225,3.663,abnormal
INC0017,2026-02-23T11:35:00,F-104,XMV(4),after,77.801,-0.07,normal
INC0018,2026-02-16T00:55:00,K-501,XMEAS(5),before,43.824,0.596,normal
INC0018,2026-02-16T01:10:00,K-501,XMEAS(5),during,69.083,3.597,abnormal
INC0018,2026-02-16T01:25:00,K-501,XMEAS(5),after,20.711,-0.447,normal
INC0018,2026-02-16T00:55:00,K-501,XMEAS(20),before,25.993,0.896,normal
INC0018,2026-02-16T01:10:00,K-501,XMEAS(20),during,54.2,3.324,abnormal
INC0018,2026-02-16T01:25:00,K-501,XMEAS(20),after,68.343,0.516,normal
INC0018,2026-02-16T00:55:00,K-501,XMV(5),before,54.357,0.292,normal
INC0018,2026-02-16T01:10:00,K-501,XMV(5),during,26.514,3.448,abnormal
INC0018,2026-02-16T01:25:00,K-501,XMV(5),after,68.425,-0.557,normal
INC0019,2026-04-24T13:05:00,F-104,XMEAS(4),before,88.362,0.449,normal
INC0019,2026-04-24T13:20:00,F-104,XMEAS(4),during,39.81,2.992,abnormal
INC0019,2026-04-24T13:35:00,F-104,XMEAS(4),after,33.588,-0.799,normal
INC0019,2026-04-24T13:05:00,F-104,XMEAS(6),before,32.561,-0.545,normal
INC0019,2026-04-24T13:20:00,F-104,XMEAS(6),during,57.389,2.124,abnormal
INC0019,2026-04-24T13:35:00,F-104,XMEAS(6),after,88.201,-0.451,normal
INC0019,2026-04-24T13:05:00,F-104,XMV(4),before,68.819,0.107,normal
INC0019,2026-04-24T13:20:00,F-104,XMV(4),during,80.792,2.315,abnormal
INC0019,2026-04-24T13:35:00,F-104,XMV(4),after,81.09,-0.018,normal
INC0020,2026-02-18T18:00:00,K-501,XMEAS(5),before,37.373,-0.83,normal
INC0020,2026-02-18T18:15:00,K-501,XMEAS(5),during,49.132,3.049,abnormal
INC0020,2026-02-18T18:30:00,K-501,XMEAS(5),after,63.289,0.192,normal
INC0020,2026-02-18T18:00:00,K-501,XMEAS(20),before,46.626,0.551,normal
INC0020,2026-02-18T18:15:00,K-501,XMEAS(20),during,40.815,3.644,abnormal
INC0020,2026-02-18T18:30:00,K-501,XMEAS(20),after,50.018,0.177,normal
INC0020,2026-02-18T18:00:00,K-501,XMV(5),before,24.216,0.137,normal
INC0020,2026-02-18T18:15:00,K-501,XMV(5),during,26.946,3.732,abnormal
INC0020,2026-02-18T18:30:00,K-501,XMV(5),after,63.786,0.525,normal
INC0021,2026-04-23T22:45:00,F-102,XMEAS(2),before,85.357,0.322,normal
INC0021,2026-04-23T23:00:00,F-102,XMEAS(2),during,58.119,2.823,abnormal
INC0021,2026-04-23T23:15:00,F-102,XMEAS(2),after,83.589,0.295,normal
INC0021,2026-04-23T22:45:00,F-102,XMV(1),before,24.999,0.653,normal
INC0021,2026-04-23T23:00:00,F-102,XMV(1),during,41.533,2.382,abnormal
INC0021,2026-04-23T23:15:00,F-102,XMV(1),after,59.844,0.498,normal
INC0022,2026-03-17T03:45:00,F-104,XMEAS(4),before,21.452,0.174,normal
INC0022,2026-03-17T04:00:00,F-104,XMEAS(4),during,77.499,3.4,abnormal
INC0022,2026-03-17T04:15:00,F-104,XMEAS(4),after,73.418,0.152,normal
INC0022,2026-03-17T03:45:00,F-104,XMEAS(6),before,56.327,-0.65,normal
INC0022,2026-03-17T04:00:00,F-104,XMEAS(6),during,39.471,2.852,abnormal
INC0022,2026-03-17T04:15:00,F-104,XMEAS(6),after,50.512,0.994,normal
INC0022,2026-03-17T03:45:00,F-104,XMV(4),before,87.834,0.628,normal
INC0022,2026-03-17T04:00:00,F-104,XMV(4),during,48.584,2.899,abnormal
INC0022,2026-03-17T04:15:00,F-104,XMV(4),after,27.322,-0.358,normal
INC0023,2026-02-26T12:00:00,F-101,XMEAS(1),before,34.249,0.52,normal
INC0023,2026-02-26T12:15:00,F-101,XMEAS(1),during,84.937,3.034,abnormal
INC0023,2026-02-26T12:30:00,F-101,XMEAS(1),after,68.878,-0.124,normal
INC0023,2026-02-26T12:00:00,F-101,XMV(3),before,88.12,-0.757,normal
INC0023,2026-02-26T12:15:00,F-101,XMV(3),during,36.751,3.135,abnormal
INC0023,2026-02-26T12:30:00,F-101,XMV(3),after,58.559,-0.683,normal
INC0024,2026-03-11T20:45:00,T-401,XMEAS(15),before,46.851,0.103,normal
INC0024,2026-03-11T21:00:00,T-401,XMEAS(15),during,55.577,3.667,abnormal
INC0024,2026-03-11T21:15:00,T-401,XMEAS(15),after,80.482,0.759,normal
INC0024,2026-03-11T20:45:00,T-401,XMEAS(16),before,75.3,-0.448,normal
INC0024,2026-03-11T21:00:00,T-401,XMEAS(16),during,85.397,2.805,abnormal
INC0024,2026-03-11T21:15:00,T-401,XMEAS(16),after,77.438,0.015,normal
INC0024,2026-03-11T20:45:00,T-401,XMEAS(17),before,40.899,-0.434,normal
INC0024,2026-03-11T21:00:00,T-401,XMEAS(17),during,89.923,3.098,abnormal
INC0024,2026-03-11T21:15:00,T-401,XMEAS(17),after,30.402,-0.021,normal
INC0024,2026-03-11T20:45:00,T-401,XMEAS(18),before,44.159,0.077,normal
INC0024,2026-03-11T21:00:00,T-401,XMEAS(18),during,58.04,3.038,abnormal
INC0024,2026-03-11T21:15:00,T-401,XMEAS(18),after,42.524,-0.089,normal
INC0025,2026-04-30T05:50:00,F-104,XMEAS(4),before,51.985,0.052,normal
INC0025,2026-04-30T06:05:00,F-104,XMEAS(4),during,48.699,3.328,abnormal
INC0025,2026-04-30T06:20:00,F-104,XMEAS(4),after,30.805,0.31,normal
INC0025,2026-04-30T05:50:00,F-104,XMEAS(6),before,87.844,-0.061,normal
INC0025,2026-04-30T06:05:00,F-104,XMEAS(6),during,68.489,2.676,abnormal
INC0025,2026-04-30T06:20:00,F-104,XMEAS(6),after,79.624,0.3,normal
INC0025,2026-04-30T05:50:00,F-104,XMV(4),before,80.154,0.705,normal
INC0025,2026-04-30T06:05:00,F-104,XMV(4),during,42.166,2.746,abnormal
INC0025,2026-04-30T06:20:00,F-104,XMV(4),after,73.158,0.437,normal
INC0026,2026-01-07T09:05:00,T-401,XMEAS(15),before,46.239,-0.413,normal
INC0026,2026-01-07T09:20:00,T-401,XMEAS(15),during,57.182,2.347,abnormal
INC0026,2026-01-07T09:35:00,T-401,XMEAS(15),after,75.476,0.132,normal
INC0026,2026-01-07T09:05:00,T-401,XMEAS(16),before,25.528,-0.66,normal
INC0026,2026-01-07T09:20:00,T-401,XMEAS(16),during,63.38,3.58,abnormal
INC0026,2026-01-07T09:35:00,T-401,XMEAS(16),after,83.898,-0.518,normal
INC0026,2026-01-07T09:05:00,T-401,XMEAS(17),before,52.28,-0.714,normal
INC0026,2026-01-07T09:20:00,T-401,XMEAS(17),during,37.873,2.532,abnormal
INC0026,2026-01-07T09:35:00,T-401,XMEAS(17),after,76.324,-0.981,normal
INC0026,2026-01-07T09:05:00,T-401,XMEAS(18),before,67.433,0.802,normal
INC0026,2026-01-07T09:20:00,T-401,XMEAS(18),during,50.921,2.369,abnormal
INC0026,2026-01-07T09:35:00,T-401,XMEAS(18),after,61.13,-0.309,normal
INC0027,2026-04-29T00:55:00,CW-101,XMEAS(21),before,44.662,0.214,normal
INC0027,2026-04-29T01:10:00,CW-101,XMEAS(21),during,63.462,3.182,abnormal
INC0027,2026-04-29T01:25:00,CW-101,XMEAS(21),after,70.465,0.356,normal
INC0027,2026-04-29T00:55:00,CW-101,XMV(10),before,78.684,0.318,normal
INC0027,2026-04-29T01:10:00,CW-101,XMV(10),during,83.238,3.168,abnormal
INC0027,2026-04-29T01:25:00,CW-101,XMV(10),after,41.625,0.293,normal
INC0028,2026-01-06T22:05:00,CW-201,XMEAS(22),before,43.71,0.493,normal
INC0028,2026-01-06T22:20:00,CW-201,XMEAS(22),during,87.403,2.296,abnormal
INC0028,2026-01-06T22:35:00,CW-201,XMEAS(22),after,87.655,-0.718,normal
INC0028,2026-01-06T22:05:00,CW-201,XMV(11),before,70.695,0.72,normal
INC0028,2026-01-06T22:20:00,CW-201,XMV(11),during,87.709,3.766,abnormal
INC0028,2026-01-06T22:35:00,CW-201,XMV(11),after,45.604,0.609,normal
INC0029,2026-01-03T14:55:00,R-101,XMEAS(7),before,41.153,0.819,normal
INC0029,2026-01-03T15:10:00,R-101,XMEAS(7),during,29.784,2.794,abnormal
INC0029,2026-01-03T15:25:00,R-101,XMEAS(7),after,41.306,0.893,normal
INC0029,2026-01-03T14:55:00,R-101,XMEAS(8),before,26.803,-0.015,normal
INC0029,2026-01-03T15:10:00,R-101,XMEAS(8),during,29.496,3.608,abnormal
INC0029,2026-01-03T15:25:00,R-101,XMEAS(8),after,66.934,-0.093,normal
INC0029,2026-01-03T14:55:00,R-101,XMEAS(9),before,86.218,0.486,normal
INC0029,2026-01-03T15:10:00,R-101,XMEAS(9),during,71.959,2.813,abnormal
INC0029,2026-01-03T15:25:00,R-101,XMEAS(9),after,49.042,-0.691,normal
INC0029,2026-01-03T14:55:00,R-101,XMEAS(21),before,54.254,-0.802,normal
INC0029,2026-01-03T15:10:00,R-101,XMEAS(21),during,86.607,2.794,abnormal
INC0029,2026-01-03T15:25:00,R-101,XMEAS(21),after,45.937,-0.935,normal
INC0030,2026-03-18T02:50:00,CW-201,XMEAS(22),before,37.05,0.574,normal
INC0030,2026-03-18T03:05:00,CW-201,XMEAS(22),during,59.52,2.314,abnormal
INC0030,2026-03-18T03:20:00,CW-201,XMEAS(22),after,73.561,-0.863,normal
INC0030,2026-03-18T02:50:00,CW-201,XMV(11),before,35.117,-0.586,normal
INC0030,2026-03-18T03:05:00,CW-201,XMV(11),during,42.999,3.578,abnormal
INC0030,2026-03-18T03:20:00,CW-201,XMV(11),after,83.037,-0.705,normal
INC0031,2026-02-17T13:30:00,F-104,XMEAS(4),before,56.826,0.483,normal
INC0031,2026-02-17T13:45:00,F-104,XMEAS(4),during,53.337,3.368,abnormal
INC0031,2026-02-17T14:00:00,F-104,XMEAS(4),after,55.927,0.556,normal
INC0031,2026-02-17T13:30:00,F-104,XMEAS(6),before,55.269,-0.782,normal
INC0031,2026-02-17T13:45:00,F-104,XMEAS(6),during,23.036,3.707,abnormal
INC0031,2026-02-17T14:00:00,F-104,XMEAS(6),after,80.689,0.566,normal
INC0031,2026-02-17T13:30:00,F-104,XMV(4),before,52.063,0.043,normal
INC0031,2026-02-17T13:45:00,F-104,XMV(4),during,24.258,3.739,abnormal
INC0031,2026-02-17T14:00:00,F-104,XMV(4),after,48.113,-0.042,normal
INC0032,2026-03-25T22:15:00,CW-101,XMEAS(21),before,28.009,0.586,normal
INC0032,2026-03-25T22:30:00,CW-101,XMEAS(21),during,81.439,3.213,abnormal
INC0032,2026-03-25T22:45:00,CW-101,XMEAS(21),after,80.584,0.103,normal
INC0032,2026-03-25T22:15:00,CW-101,XMV(10),before,82.166,-0.14,normal
INC0032,2026-03-25T22:30:00,CW-101,XMV(10),during,77.919,2.803,abnormal
INC0032,2026-03-25T22:45:00,CW-101,XMV(10),after,71.073,-0.203,normal
INC0033,2026-03-15T01:55:00,CW-101,XMEAS(21),before,81.153,-0.178,normal
INC0033,2026-03-15T02:10:00,CW-101,XMEAS(21),during,49.606,3.7,abnormal
INC0033,2026-03-15T02:25:00,CW-101,XMEAS(21),after,23.601,0.832,normal
INC0033,2026-03-15T01:55:00,CW-101,XMV(10),before,41.871,-0.425,normal
INC0033,2026-03-15T02:10:00,CW-101,XMV(10),during,55.519,2.276,abnormal
INC0033,2026-03-15T02:25:00,CW-101,XMV(10),after,53.753,-0.691,normal
INC0034,2026-03-02T00:30:00,CW-101,XMEAS(21),before,48.055,0.133,normal
INC0034,2026-03-02T00:45:00,CW-101,XMEAS(21),during,64.322,2.341,abnormal
INC0034,2026-03-02T01:00:00,CW-101,XMEAS(21),after,72.228,-0.939,normal
INC0034,2026-03-02T00:30:00,CW-101,XMV(10),before,49.388,-0.57,normal
INC0034,2026-03-02T00:45:00,CW-101,XMV(10),during,45.904,2.68,abnormal
INC0034,2026-03-02T01:00:00,CW-101,XMV(10),after,74.378,0.443,normal
INC0035,2026-04-12T23:45:00,K-501,XMEAS(5),before,66.699,-0.027,normal
INC0035,2026-04-13T00:00:00,K-501,XMEAS(5),during,47.668,2.177,abnormal
INC0035,2026-04-13T00:15:00,K-501,XMEAS(5),after,20.538,0.199,normal
INC0035,2026-04-12T23:45:00,K-501,XMEAS(20),before,34.786,-0.397,normal
INC0035,2026-04-13T00:00:00,K-501,XMEAS(20),during,37.886,2.333,abnormal
INC0035,2026-04-13T00:15:00,K-501,XMEAS(20),after,20.541,-0.344,normal
INC0035,2026-04-12T23:45:00,K-501,XMV(5),before,32.299,0.494,normal
INC0035,2026-04-13T00:00:00,K-501,XMV(5),during,69.257,2.746,abnormal
INC0035,2026-04-13T00:15:00,K-501,XMV(5),after,78.335,0.001,normal
INC0036,2026-01-13T13:00:00,CW-201,XMEAS(22),before,87.634,-0.19,normal
INC0036,2026-01-13T13:15:00,CW-201,XMEAS(22),during,86.333,2.392,abnormal
INC0036,2026-01-13T13:30:00,CW-201,XMEAS(22),after,68.273,-0.08,normal
INC0036,2026-01-13T13:00:00,CW-201,XMV(11),before,50.57,-0.276,normal
INC0036,2026-01-13T13:15:00,CW-201,XMV(11),during,50.497,2.28,abnormal
INC0036,2026-01-13T13:30:00,CW-201,XMV(11),after,25.505,-0.199,normal
INC0037,2026-05-08T11:55:00,F-104,XMEAS(4),before,74.099,-0.646,normal
INC0037,2026-05-08T12:10:00,F-104,XMEAS(4),during,72.811,2.94,abnormal
INC0037,2026-05-08T12:25:00,F-104,XMEAS(4),after,51.423,0.52,normal
INC0037,2026-05-08T11:55:00,F-104,XMEAS(6),before,59.514,0.848,normal
INC0037,2026-05-08T12:10:00,F-104,XMEAS(6),during,63.717,3.18,abnormal
INC0037,2026-05-08T12:25:00,F-104,XMEAS(6),after,63.905,0.728,normal
INC0037,2026-05-08T11:55:00,F-104,XMV(4),before,24.78,-0.698,normal
INC0037,2026-05-08T12:10:00,F-104,XMV(4),during,41.197,2.852,abnormal
INC0037,2026-05-08T12:25:00,F-104,XMV(4),after,23.932,-0.451,normal
INC0038,2026-01-13T20:55:00,V-301,XMEAS(12),before,60.016,0.818,normal
INC0038,2026-01-13T21:10:00,V-301,XMEAS(12),during,62.35,2.42,abnormal
INC0038,2026-01-13T21:25:00,V-301,XMEAS(12),after,87.041,0.003,normal
INC0038,2026-01-13T20:55:00,V-301,XMEAS(13),before,76.768,-0.099,normal
INC0038,2026-01-13T21:10:00,V-301,XMEAS(13),during,88.767,3.524,abnormal
INC0038,2026-01-13T21:25:00,V-301,XMEAS(13),after,65.229,-0.831,normal
INC0038,2026-01-13T20:55:00,V-301,XMEAS(14),before,69.534,-0.922,normal
INC0038,2026-01-13T21:10:00,V-301,XMEAS(14),during,56.685,3.785,abnormal
INC0038,2026-01-13T21:25:00,V-301,XMEAS(14),after,45.473,0.22,normal
INC0038,2026-01-13T20:55:00,V-301,XMV(7),before,47.119,0.836,normal
INC0038,2026-01-13T21:10:00,V-301,XMV(7),during,67.523,3.417,abnormal
INC0038,2026-01-13T21:25:00,V-301,XMV(7),after,64.162,-0.895,normal
INC0039,2026-01-12T10:55:00,CW-101,XMEAS(21),before,78.027,0.34,normal
INC0039,2026-01-12T11:10:00,CW-101,XMEAS(21),during,67.979,3.356,abnormal
INC0039,2026-01-12T11:25:00,CW-101,XMEAS(21),after,65.222,0.053,normal
INC0039,2026-01-12T10:55:00,CW-101,XMV(10),before,45.328,-0.153,normal
INC0039,2026-01-12T11:10:00,CW-101,XMV(10),during,32.618,2.716,abnormal
INC0039,2026-01-12T11:25:00,CW-101,XMV(10),after,86.337,-0.572,normal
INC0040,2026-02-02T23:50:00,R-101,XMEAS(7),before,78.194,-0.676,normal
INC0040,2026-02-03T00:05:00,R-101,XMEAS(7),during,76.633,3.411,abnormal
INC0040,2026-02-03T00:20:00,R-101,XMEAS(7),after,50.637,-0.669,normal
INC0040,2026-02-02T23:50:00,R-101,XMEAS(8),before,67.345,-0.178,normal
INC0040,2026-02-03T00:05:00,R-101,XMEAS(8),during,51.094,2.504,abnormal
INC0040,2026-02-03T00:20:00,R-101,XMEAS(8),after,72.398,-0.43,normal
INC0040,2026-02-02T23:50:00,R-101,XMEAS(9),before,57.381,-0.102,normal
INC0040,2026-02-03T00:05:00,R-101,XMEAS(9),during,76.604,2.626,abnormal
INC0040,2026-02-03T00:20:00,R-101,XMEAS(9),after,78.458,-0.062,normal
INC0040,2026-02-02T23:50:00,R-101,XMEAS(21),before,86.299,-0.264,normal
INC0040,2026-02-03T00:05:00,R-101,XMEAS(21),during,52.318,3.774,abnormal
INC0040,2026-02-03T00:20:00,R-101,XMEAS(21),after,46.731,-0.436,normal
INC0041,2026-03-13T15:50:00,V-301,XMEAS(12),before,26.42,0.662,normal
INC0041,2026-03-13T16:05:00,V-301,XMEAS(12),during,77.169,3.648,abnormal
INC0041,2026-03-13T16:20:00,V-301,XMEAS(12),after,85.133,0.769,normal
INC0041,2026-03-13T15:50:00,V-301,XMEAS(13),before,47.752,-0.17,normal
INC0041,2026-03-13T16:05:00,V-301,XMEAS(13),during,47.032,2.736,abnormal
INC0041,2026-03-13T16:20:00,V-301,XMEAS(13),after,35.718,-0.837,normal
INC0041,2026-03-13T15:50:00,V-301,XMEAS(14),before,26.936,-0.363,normal
INC0041,2026-03-13T16:05:00,V-301,XMEAS(14),during,43.47,3.315,abnormal
INC0041,2026-03-13T16:20:00,V-301,XMEAS(14),after,22.681,-0.708,normal
INC0041,2026-03-13T15:50:00,V-301,XMV(7),before,53.072,0.835,normal
INC0041,2026-03-13T16:05:00,V-301,XMV(7),during,73.119,3.513,abnormal
INC0041,2026-03-13T16:20:00,V-301,XMV(7),after,63.074,-0.062,normal
INC0042,2026-01-04T10:55:00,F-102,XMEAS(2),before,83.36,-0.778,normal
INC0042,2026-01-04T11:10:00,F-102,XMEAS(2),during,21.15,3.114,abnormal
INC0042,2026-01-04T11:25:00,F-102,XMEAS(2),after,36.936,0.031,normal
INC0042,2026-01-04T10:55:00,F-102,XMV(1),before,50.047,-0.713,normal
INC0042,2026-01-04T11:10:00,F-102,XMV(1),during,36.839,3.145,abnormal
INC0042,2026-01-04T11:25:00,F-102,XMV(1),after,66.506,-0.167,normal
INC0043,2026-03-31T13:55:00,F-102,XMEAS(2),before,43.276,0.47,normal
INC0043,2026-03-31T14:10:00,F-102,XMEAS(2),during,58.221,2.175,abnormal
INC0043,2026-03-31T14:25:00,F-102,XMEAS(2),after,32.256,0.627,normal
INC0043,2026-03-31T13:55:00,F-102,XMV(1),before,52.524,0.558,normal
INC0043,2026-03-31T14:10:00,F-102,XMV(1),during,64.222,3.282,abnormal
INC0043,2026-03-31T14:25:00,F-102,XMV(1),after,24.417,0.623,normal
INC0044,2026-01-07T12:55:00,CW-201,XMEAS(22),before,48.002,-0.126,normal
INC0044,2026-01-07T13:10:00,CW-201,XMEAS(22),during,86.954,2.848,abnormal
INC0044,2026-01-07T13:25:00,CW-201,XMEAS(22),after,33.077,-0.322,normal
INC0044,2026-01-07T12:55:00,CW-201,XMV(11),before,45.714,0.384,normal
INC0044,2026-01-07T13:10:00,CW-201,XMV(11),during,38.67,3.455,abnormal
INC0044,2026-01-07T13:25:00,CW-201,XMV(11),after,49.715,-0.835,normal
INC0045,2026-04-14T01:30:00,CW-101,XMEAS(21),before,48.435,0.342,normal
INC0045,2026-04-14T01:45:00,CW-101,XMEAS(21),during,72.493,2.972,abnormal
INC0045,2026-04-14T02:00:00,CW-101,XMEAS(21),after,22.18,-0.68,normal
INC0045,2026-04-14T01:30:00,CW-101,XMV(10),before,67.466,0.697,normal
INC0045,2026-04-14T01:45:00,CW-101,XMV(10),during,28.836,2.845,abnormal
INC0045,2026-04-14T02:00:00,CW-101,XMV(10),after,65.161,-0.528,normal
INC0046,2026-03-07T14:05:00,CW-201,XMEAS(22),before,54.933,0.471,normal
INC0046,2026-03-07T14:20:00,CW-201,XMEAS(22),during,59.317,2.758,abnormal
INC0046,2026-03-07T14:35:00,CW-201,XMEAS(22),after,38.22,-0.476,normal
INC0046,2026-03-07T14:05:00,CW-201,XMV(11),before,89.746,-0.107,normal
INC0046,2026-03-07T14:20:00,CW-201,XMV(11),during,84.154,2.585,abnormal
INC0046,2026-03-07T14:35:00,CW-201,XMV(11),after,28.585,-0.018,normal
INC0047,2026-03-19T08:50:00,F-102,XMEAS(2),before,60.059,-0.278,normal
INC0047,2026-03-19T09:05:00,F-102,XMEAS(2),during,88.811,2.895,abnormal
INC0047,2026-03-19T09:20:00,F-102,XMEAS(2),after,81.897,-0.74,normal
INC0047,2026-03-19T08:50:00,F-102,XMV(1),before,47.871,-0.869,normal
INC0047,2026-03-19T09:05:00,F-102,XMV(1),during,53.507,3.319,abnormal
INC0047,2026-03-19T09:20:00,F-102,XMV(1),after,48.66,-0.178,normal
INC0048,2026-01-13T19:50:00,K-501,XMEAS(5),before,41.289,0.036,normal
INC0048,2026-01-13T20:05:00,K-501,XMEAS(5),during,85.432,2.375,abnormal
INC0048,2026-01-13T20:20:00,K-501,XMEAS(5),after,86.324,-0.549,normal
INC0048,2026-01-13T19:50:00,K-501,XMEAS(20),before,39.883,0.038,normal
INC0048,2026-01-13T20:05:00,K-501,XMEAS(20),during,33.741,2.234,abnormal
INC0048,2026-01-13T20:20:00,K-501,XMEAS(20),after,39.212,0.913,normal
INC0048,2026-01-13T19:50:00,K-501,XMV(5),before,63.01,0.25,normal
INC0048,2026-01-13T20:05:00,K-501,XMV(5),during,64.869,2.259,abnormal
INC0048,2026-01-13T20:20:00,K-501,XMV(5),after,60.645,0.184,normal
INC0049,2026-04-23T16:05:00,F-101,XMEAS(1),before,68.203,-0.093,normal
INC0049,2026-04-23T16:20:00,F-101,XMEAS(1),during,49.094,2.369,abnormal
INC0049,2026-04-23T16:35:00,F-101,XMEAS(1),after,43.813,-0.071,normal
INC0049,2026-04-23T16:05:00,F-101,XMV(3),before,80.304,-0.713,normal
INC0049,2026-04-23T16:20:00,F-101,XMV(3),during,89.162,2.643,abnormal
INC0049,2026-04-23T16:35:00,F-101,XMV(3),after,47.91,-0.309,normal
INC0050,2026-03-30T03:05:00,CW-201,XMEAS(22),before,70.479,0.868,normal
INC0050,2026-03-30T03:20:00,CW-201,XMEAS(22),during,31.154,2.423,abnormal
INC0050,2026-03-30T03:35:00,CW-201,XMEAS(22),after,52.677,0.992,normal
INC0050,2026-03-30T03:05:00,CW-201,XMV(11),before,54.816,0.758,normal
INC0050,2026-03-30T03:20:00,CW-201,XMV(11),during,47.527,2.253,abnormal
INC0050,2026-03-30T03:35:00,CW-201,XMV(11),after,36.851,-0.086,normal
INC0051,2026-03-02T10:45:00,K-501,XMEAS(5),before,45.377,0.124,normal
INC0051,2026-03-02T11:00:00,K-501,XMEAS(5),during,47.044,2.591,abnormal
INC0051,2026-03-02T11:15:00,K-501,XMEAS(5),after,58.49,-0.099,normal
INC0051,2026-03-02T10:45:00,K-501,XMEAS(20),before,63.627,0.651,normal
INC0051,2026-03-02T11:00:00,K-501,XMEAS(20),during,29.006,3.139,abnormal
INC0051,2026-03-02T11:15:00,K-501,XMEAS(20),after,46.124,-0.807,normal
INC0051,2026-03-02T10:45:00,K-501,XMV(5),before,59.048,0.974,normal
INC0051,2026-03-02T11:00:00,K-501,XMV(5),during,30.099,2.722,abnormal
INC0051,2026-03-02T11:15:00,K-501,XMV(5),after,48.097,0.205,normal
INC0052,2026-01-08T22:45:00,F-101,XMEAS(1),before,77.102,-0.4,normal
INC0052,2026-01-08T23:00:00,F-101,XMEAS(1),during,67.166,2.726,abnormal
INC0052,2026-01-08T23:15:00,F-101,XMEAS(1),after,60.859,0.96,normal
INC0052,2026-01-08T22:45:00,F-101,XMV(3),before,70.773,0.594,normal
INC0052,2026-01-08T23:00:00,F-101,XMV(3),during,21.865,3.27,abnormal
INC0052,2026-01-08T23:15:00,F-101,XMV(3),after,87.695,-0.051,normal
INC0053,2026-04-09T18:50:00,K-501,XMEAS(5),before,81.097,0.841,normal
INC0053,2026-04-09T19:05:00,K-501,XMEAS(5),during,24.36,3.351,abnormal
INC0053,2026-04-09T19:20:00,K-501,XMEAS(5),after,34.514,-0.724,normal
INC0053,2026-04-09T18:50:00,K-501,XMEAS(20),before,66.356,-0.35,normal
INC0053,2026-04-09T19:05:00,K-501,XMEAS(20),during,41.963,2.993,abnormal
INC0053,2026-04-09T19:20:00,K-501,XMEAS(20),after,83.849,-0.654,normal
INC0053,2026-04-09T18:50:00,K-501,XMV(5),before,44.8,-0.315,normal
INC0053,2026-04-09T19:05:00,K-501,XMV(5),during,70.465,3.412,abnormal
INC0053,2026-04-09T19:20:00,K-501,XMV(5),after,68.532,0.287,normal
INC0054,2026-03-24T20:50:00,R-101,XMEAS(7),before,47.617,0.792,normal
INC0054,2026-03-24T21:05:00,R-101,XMEAS(7),during,74.115,2.687,abnormal
INC0054,2026-03-24T21:20:00,R-101,XMEAS(7),after,22.945,-0.707,normal
INC0054,2026-03-24T20:50:00,R-101,XMEAS(8),before,25.532,0.911,normal
INC0054,2026-03-24T21:05:00,R-101,XMEAS(8),during,65.918,3.671,abnormal
INC0054,2026-03-24T21:20:00,R-101,XMEAS(8),after,34.979,0.495,normal
INC0054,2026-03-24T20:50:00,R-101,XMEAS(9),before,38.979,0.656,normal
INC0054,2026-03-24T21:05:00,R-101,XMEAS(9),during,39.014,3.055,abnormal
INC0054,2026-03-24T21:20:00,R-101,XMEAS(9),after,71.862,-0.782,normal
INC0054,2026-03-24T20:50:00,R-101,XMEAS(21),before,23.554,-0.521,normal
INC0054,2026-03-24T21:05:00,R-101,XMEAS(21),during,35.797,3.639,abnormal
INC0054,2026-03-24T21:20:00,R-101,XMEAS(21),after,27.014,-0.534,normal
INC0055,2026-05-03T16:00:00,CW-101,XMEAS(21),before,78.632,-0.164,normal
INC0055,2026-05-03T16:15:00,CW-101,XMEAS(21),during,22.544,3.688,abnormal
INC0055,2026-05-03T16:30:00,CW-101,XMEAS(21),after,75.157,0.672,normal
INC0055,2026-05-03T16:00:00,CW-101,XMV(10),before,72.43,-0.627,normal
INC0055,2026-05-03T16:15:00,CW-101,XMV(10),during,40.263,3.583,abnormal
INC0055,2026-05-03T16:30:00,CW-101,XMV(10),after,40.887,-0.925,normal
INC0056,2026-01-19T12:55:00,R-101,XMEAS(7),before,73.01,0.136,normal
INC0056,2026-01-19T13:10:00,R-101,XMEAS(7),during,79.93,2.398,abnormal
INC0056,2026-01-19T13:25:00,R-101,XMEAS(7),after,77.889,0.794,normal
INC0056,2026-01-19T12:55:00,R-101,XMEAS(8),before,26.072,0.031,normal
INC0056,2026-01-19T13:10:00,R-101,XMEAS(8),during,32.935,3.238,abnormal
INC0056,2026-01-19T13:25:00,R-101,XMEAS(8),after,42.652,-0.719,normal
INC0056,2026-01-19T12:55:00,R-101,XMEAS(9),before,38.255,-0.504,normal
INC0056,2026-01-19T13:10:00,R-101,XMEAS(9),during,72.763,2.5,abnormal
INC0056,2026-01-19T13:25:00,R-101,XMEAS(9),after,41.136,0.908,normal
INC0056,2026-01-19T12:55:00,R-101,XMEAS(21),before,20.801,0.446,normal
INC0056,2026-01-19T13:10:00,R-101,XMEAS(21),during,68.494,3.211,abnormal
INC0056,2026-01-19T13:25:00,R-101,XMEAS(21),after,28.276,-0.876,normal
INC0057,2026-01-28T12:00:00,F-104,XMEAS(4),before,58.446,-0.168,normal
INC0057,2026-01-28T12:15:00,F-104,XMEAS(4),during,57.626,2.9,abnormal
INC0057,2026-01-28T12:30:00,F-104,XMEAS(4),after,35.289,0.328,normal
INC0057,2026-01-28T12:00:00,F-104,XMEAS(6),before,72.832,-0.505,normal
INC0057,2026-01-28T12:15:00,F-104,XMEAS(6),during,25.731,3.584,abnormal
INC0057,2026-01-28T12:30:00,F-104,XMEAS(6),after,69.264,-0.107,normal
INC0057,2026-01-28T12:00:00,F-104,XMV(4),before,59.492,-0.844,normal
INC0057,2026-01-28T12:15:00,F-104,XMV(4),during,58.335,2.205,abnormal
INC0057,2026-01-28T12:30:00,F-104,XMV(4),after,60.089,0.011,normal
INC0058,2026-01-29T06:55:00,CW-201,XMEAS(22),before,77.152,-0.208,normal
INC0058,2026-01-29T07:10:00,CW-201,XMEAS(22),during,60.482,3.368,abnormal
INC0058,2026-01-29T07:25:00,CW-201,XMEAS(22),after,44.117,-0.909,normal
INC0058,2026-01-29T06:55:00,CW-201,XMV(11),before,89.589,-0.872,normal
INC0058,2026-01-29T07:10:00,CW-201,XMV(11),during,24.831,3.689,abnormal
INC0058,2026-01-29T07:25:00,CW-201,XMV(11),after,22.221,0.868,normal
INC0059,2026-01-31T23:30:00,CW-101,XMEAS(21),before,88.494,0.512,normal
INC0059,2026-01-31T23:45:00,CW-101,XMEAS(21),during,70.337,2.887,abnormal
INC0059,2026-02-01T00:00:00,CW-101,XMEAS(21),after,46.549,-0.152,normal
INC0059,2026-01-31T23:30:00,CW-101,XMV(10),before,52.244,-0.541,normal
INC0059,2026-01-31T23:45:00,CW-101,XMV(10),during,33.194,2.364,abnormal
INC0059,2026-02-01T00:00:00,CW-101,XMV(10),after,73.584,0.75,normal
INC0060,2026-05-19T09:15:00,F-101,XMEAS(1),before,71.206,0.632,normal
INC0060,2026-05-19T09:30:00,F-101,XMEAS(1),during,61.854,2.642,abnormal
INC0060,2026-05-19T09:45:00,F-101,XMEAS(1),after,42.447,0.345,normal
INC0060,2026-05-19T09:15:00,F-101,XMV(3),before,30.028,-0.396,normal
INC0060,2026-05-19T09:30:00,F-101,XMV(3),during,35.473,3.222,abnormal
INC0060,2026-05-19T09:45:00,F-101,XMV(3),after,24.267,-0.399,normal
INC0061,2026-05-06T16:50:00,K-501,XMEAS(5),before,84.032,0.612,normal
INC0061,2026-05-06T17:05:00,K-501,XMEAS(5),during,87.745,3.056,abnormal
INC0061,2026-05-06T17:20:00,K-501,XMEAS(5),after,29.386,0.115,normal
INC0061,2026-05-06T16:50:00,K-501,XMEAS(20),before,34.234,-0.514,normal
INC0061,2026-05-06T17:05:00,K-501,XMEAS(20),during,84.556,3.199,abnormal
INC0061,2026-05-06T17:20:00,K-501,XMEAS(20),after,26.472,0.694,normal
INC0061,2026-05-06T16:50:00,K-501,XMV(5),before,33.334,0.449,normal
INC0061,2026-05-06T17:05:00,K-501,XMV(5),during,67.157,2.556,abnormal
INC0061,2026-05-06T17:20:00,K-501,XMV(5),after,81.153,0.206,normal
INC0062,2026-05-18T13:30:00,F-104,XMEAS(4),before,36.753,-0.207,normal
INC0062,2026-05-18T13:45:00,F-104,XMEAS(4),during,39.814,2.647,abnormal
INC0062,2026-05-18T14:00:00,F-104,XMEAS(4),after,65.41,-0.067,normal
INC0062,2026-05-18T13:30:00,F-104,XMEAS(6),before,45.175,-0.383,normal
INC0062,2026-05-18T13:45:00,F-104,XMEAS(6),during,52.62,3.601,abnormal
INC0062,2026-05-18T14:00:00,F-104,XMEAS(6),after,70.569,0.606,normal
INC0062,2026-05-18T13:30:00,F-104,XMV(4),before,42.416,0.523,normal
INC0062,2026-05-18T13:45:00,F-104,XMV(4),during,41.905,2.445,abnormal
INC0062,2026-05-18T14:00:00,F-104,XMV(4),after,80.486,-0.909,normal
INC0063,2026-01-03T23:55:00,CW-201,XMEAS(22),before,58.258,-0.72,normal
INC0063,2026-01-04T00:10:00,CW-201,XMEAS(22),during,82.256,2.413,abnormal
INC0063,2026-01-04T00:25:00,CW-201,XMEAS(22),after,87.007,0.981,normal
INC0063,2026-01-03T23:55:00,CW-201,XMV(11),before,78.735,0.048,normal
INC0063,2026-01-04T00:10:00,CW-201,XMV(11),during,77.26,2.226,abnormal
INC0063,2026-01-04T00:25:00,CW-201,XMV(11),after,20.447,-0.903,normal
INC0064,2026-05-25T01:15:00,CW-201,XMEAS(22),before,21.2,0.955,normal
INC0064,2026-05-25T01:30:00,CW-201,XMEAS(22),during,67.182,3.482,abnormal
INC0064,2026-05-25T01:45:00,CW-201,XMEAS(22),after,83.684,0.612,normal
INC0064,2026-05-25T01:15:00,CW-201,XMV(11),before,26.742,-0.786,normal
INC0064,2026-05-25T01:30:00,CW-201,XMV(11),during,33.435,2.353,abnormal
INC0064,2026-05-25T01:45:00,CW-201,XMV(11),after,77.065,0.053,normal
INC0065,2026-05-16T22:00:00,F-102,XMEAS(2),before,79.173,-0.835,normal
INC0065,2026-05-16T22:15:00,F-102,XMEAS(2),during,43.189,3.196,abnormal
INC0065,2026-05-16T22:30:00,F-102,XMEAS(2),after,88.169,0.955,normal
INC0065,2026-05-16T22:00:00,F-102,XMV(1),before,84.341,0.79,normal
INC0065,2026-05-16T22:15:00,F-102,XMV(1),during,83.089,2.491,abnormal
INC0065,2026-05-16T22:30:00,F-102,XMV(1),after,59.675,0.385,normal
INC0066,2026-01-09T03:45:00,F-102,XMEAS(2),before,36.833,-0.675,normal
INC0066,2026-01-09T04:00:00,F-102,XMEAS(2),during,47.241,3.519,abnormal
INC0066,2026-01-09T04:15:00,F-102,XMEAS(2),after,43.221,0.793,normal
INC0066,2026-01-09T03:45:00,F-102,XMV(1),before,29.797,0.511,normal
INC0066,2026-01-09T04:00:00,F-102,XMV(1),during,70.691,3.78,abnormal
INC0066,2026-01-09T04:15:00,F-102,XMV(1),after,88.203,0.002,normal
INC0067,2026-01-17T22:00:00,F-101,XMEAS(1),before,40.677,0.544,normal
INC0067,2026-01-17T22:15:00,F-101,XMEAS(1),during,25.145,2.519,abnormal
INC0067,2026-01-17T22:30:00,F-101,XMEAS(1),after,46.6,-0.464,normal
INC0067,2026-01-17T22:00:00,F-101,XMV(3),before,30.799,0.568,normal
INC0067,2026-01-17T22:15:00,F-101,XMV(3),during,45.249,2.762,abnormal
INC0067,2026-01-17T22:30:00,F-101,XMV(3),after,86.007,-0.817,normal
INC0068,2026-03-03T16:30:00,CW-201,XMEAS(22),before,70.739,0.558,normal
INC0068,2026-03-03T16:45:00,CW-201,XMEAS(22),during,89.491,3.051,abnormal
INC0068,2026-03-03T17:00:00,CW-201,XMEAS(22),after,56.477,-0.515,normal
INC0068,2026-03-03T16:30:00,CW-201,XMV(11),before,31.865,0.371,normal
INC0068,2026-03-03T16:45:00,CW-201,XMV(11),during,38.788,2.557,abnormal
INC0068,2026-03-03T17:00:00,CW-201,XMV(11),after,31.705,-0.708,normal
INC0069,2026-03-14T01:55:00,F-102,XMEAS(2),before,42.447,-0.728,normal
INC0069,2026-03-14T02:10:00,F-102,XMEAS(2),during,34.06,3.71,abnormal
INC0069,2026-03-14T02:25:00,F-102,XMEAS(2),after,87.52,-0.372,normal
INC0069,2026-03-14T01:55:00,F-102,XMV(1),before,40.401,0.937,normal
INC0069,2026-03-14T02:10:00,F-102,XMV(1),during,54.371,3.281,abnormal
INC0069,2026-03-14T02:25:00,F-102,XMV(1),after,36.97,0.152,normal
INC0070,2026-02-18T02:30:00,R-101,XMEAS(7),before,30.79,-0.495,normal
INC0070,2026-02-18T02:45:00,R-101,XMEAS(7),during,46.389,2.819,abnormal
INC0070,2026-02-18T03:00:00,R-101,XMEAS(7),after,61.855,-0.102,normal
INC0070,2026-02-18T02:30:00,R-101,XMEAS(8),before,57.406,0.164,normal
INC0070,2026-02-18T02:45:00,R-101,XMEAS(8),during,80.874,3.67,abnormal
INC0070,2026-02-18T03:00:00,R-101,XMEAS(8),after,22.574,-0.163,normal
INC0070,2026-02-18T02:30:00,R-101,XMEAS(9),before,69.114,0.937,normal
INC0070,2026-02-18T02:45:00,R-101,XMEAS(9),during,61.567,3.481,abnormal
INC0070,2026-02-18T03:00:00,R-101,XMEAS(9),after,27.656,0.829,normal
INC0070,2026-02-18T02:30:00,R-101,XMEAS(21),before,66.529,-0.504,normal
INC0070,2026-02-18T02:45:00,R-101,XMEAS(21),during,62.887,2.383,abnormal
INC0070,2026-02-18T03:00:00,R-101,XMEAS(21),after,65.152,0.126,normal
INC0071,2026-05-09T15:55:00,R-101,XMEAS(7),before,84.438,-0.409,normal
INC0071,2026-05-09T16:10:00,R-101,XMEAS(7),during,78.192,2.246,abnormal
INC0071,2026-05-09T16:25:00,R-101,XMEAS(7),after,44.383,0.46,normal
INC0071,2026-05-09T15:55:00,R-101,XMEAS(8),before,74.899,-0.314,normal
INC0071,2026-05-09T16:10:00,R-101,XMEAS(8),during,44.381,2.986,abnormal
INC0071,2026-05-09T16:25:00,R-101,XMEAS(8),after,70.54,-0.805,normal
INC0071,2026-05-09T15:55:00,R-101,XMEAS(9),before,24.702,-0.095,normal
INC0071,2026-05-09T16:10:00,R-101,XMEAS(9),during,69.755,2.176,abnormal
INC0071,2026-05-09T16:25:00,R-101,XMEAS(9),after,44.015,-0.955,normal
INC0071,2026-05-09T15:55:00,R-101,XMEAS(21),before,76.004,-0.781,normal
INC0071,2026-05-09T16:10:00,R-101,XMEAS(21),during,71.834,3.681,abnormal
INC0071,2026-05-09T16:25:00,R-101,XMEAS(21),after,58.634,0.032,normal
INC0072,2026-04-06T19:00:00,CW-101,XMEAS(21),before,75.965,0.155,normal
INC0072,2026-04-06T19:15:00,CW-101,XMEAS(21),during,45.606,3.013,abnormal
INC0072,2026-04-06T19:30:00,CW-101,XMEAS(21),after,27.977,-0.606,normal
INC0072,2026-04-06T19:00:00,CW-101,XMV(10),before,54.264,0.341,normal
INC0072,2026-04-06T19:15:00,CW-101,XMV(10),during,41.938,3.742,abnormal
INC0072,2026-04-06T19:30:00,CW-101,XMV(10),after,47.478,-0.223,normal
INC0073,2026-03-01T14:55:00,CW-101,XMEAS(21),before,61.75,-0.223,normal
INC0073,2026-03-01T15:10:00,CW-101,XMEAS(21),during,49.613,3.077,abnormal
INC0073,2026-03-01T15:25:00,CW-101,XMEAS(21),after,57.617,-0.027,normal
INC0073,2026-03-01T14:55:00,CW-101,XMV(10),before,85.149,0.838,normal
INC0073,2026-03-01T15:10:00,CW-101,XMV(10),during,31.681,2.394,abnormal
INC0073,2026-03-01T15:25:00,CW-101,XMV(10),after,33.097,-0.422,normal
INC0074,2026-04-16T22:45:00,CW-201,XMEAS(22),before,35.739,-0.935,normal
INC0074,2026-04-16T23:00:00,CW-201,XMEAS(22),during,74.652,2.591,abnormal
INC0074,2026-04-16T23:15:00,CW-201,XMEAS(22),after,74.078,0.131,normal
INC0074,2026-04-16T22:45:00,CW-201,XMV(11),before,55.756,-0.009,normal
INC0074,2026-04-16T23:00:00,CW-201,XMV(11),during,38.752,3.074,abnormal
INC0074,2026-04-16T23:15:00,CW-201,XMV(11),after,89.363,0.086,normal
INC0075,2026-05-21T15:30:00,T-401,XMEAS(15),before,71.633,-0.58,normal
INC0075,2026-05-21T15:45:00,T-401,XMEAS(15),during,80.273,3.272,abnormal
INC0075,2026-05-21T16:00:00,T-401,XMEAS(15),after,49.972,0.221,normal
INC0075,2026-05-21T15:30:00,T-401,XMEAS(16),before,74.939,0.232,normal
INC0075,2026-05-21T15:45:00,T-401,XMEAS(16),during,76.381,3.483,abnormal
INC0075,2026-05-21T16:00:00,T-401,XMEAS(16),after,57.26,0.14,normal
INC0075,2026-05-21T15:30:00,T-401,XMEAS(17),before,31.786,0.194,normal
INC0075,2026-05-21T15:45:00,T-401,XMEAS(17),during,40.484,3.764,abnormal
INC0075,2026-05-21T16:00:00,T-401,XMEAS(17),after,86.668,0.145,normal
INC0075,2026-05-21T15:30:00,T-401,XMEAS(18),before,83.011,0.029,normal
INC0075,2026-05-21T15:45:00,T-401,XMEAS(18),during,29.491,3.486,abnormal
INC0075,2026-05-21T16:00:00,T-401,XMEAS(18),after,48.812,0.5,normal
INC0076,2026-02-17T13:30:00,F-101,XMEAS(1),before,81.609,0.267,normal
INC0076,2026-02-17T13:45:00,F-101,XMEAS(1),during,56.093,2.258,abnormal
INC0076,2026-02-17T14:00:00,F-101,XMEAS(1),after,85.544,-0.444,normal
INC0076,2026-02-17T13:30:00,F-101,XMV(3),before,86.518,-0.262,normal
INC0076,2026-02-17T13:45:00,F-101,XMV(3),during,20.173,2.656,abnormal
INC0076,2026-02-17T14:00:00,F-101,XMV(3),after,71.291,0.548,normal
INC0077,2026-04-19T14:15:00,CW-201,XMEAS(22),before,74.872,-0.801,normal
INC0077,2026-04-19T14:30:00,CW-201,XMEAS(22),during,28.697,2.881,abnormal
INC0077,2026-04-19T14:45:00,CW-201,XMEAS(22),after,50.89,0.715,normal
INC0077,2026-04-19T14:15:00,CW-201,XMV(11),before,87.062,-0.999,normal
INC0077,2026-04-19T14:30:00,CW-201,XMV(11),during,68.201,2.444,abnormal
INC0077,2026-04-19T14:45:00,CW-201,XMV(11),after,65.5,-0.736,normal
INC0078,2026-05-30T10:55:00,F-101,XMEAS(1),before,67.599,-0.548,normal
INC0078,2026-05-30T11:10:00,F-101,XMEAS(1),during,68.692,2.116,abnormal
INC0078,2026-05-30T11:25:00,F-101,XMEAS(1),after,89.171,0.634,normal
INC0078,2026-05-30T10:55:00,F-101,XMV(3),before,29.252,-0.155,normal
INC0078,2026-05-30T11:10:00,F-101,XMV(3),during,46.815,2.22,abnormal
INC0078,2026-05-30T11:25:00,F-101,XMV(3),after,27.17,0.462,normal
INC0079,2026-03-04T22:55:00,CW-101,XMEAS(21),before,61.27,0.505,normal
INC0079,2026-03-04T23:10:00,CW-101,XMEAS(21),during,87.427,2.753,abnormal
INC0079,2026-03-04T23:25:00,CW-101,XMEAS(21),after,29.788,-0.371,normal
INC0079,2026-03-04T22:55:00,CW-101,XMV(10),before,25.897,-0.446,normal
INC0079,2026-03-04T23:10:00,CW-101,XMV(10),during,62.001,3.041,abnormal
INC0079,2026-03-04T23:25:00,CW-101,XMV(10),after,74.528,0.215,normal
INC0080,2026-05-25T22:30:00,F-104,XMEAS(4),before,24.971,0.276,normal
INC0080,2026-05-25T22:45:00,F-104,XMEAS(4),during,20.845,3.611,abnormal
INC0080,2026-05-25T23:00:00,F-104,XMEAS(4),after,42.153,-0.278,normal
INC0080,2026-05-25T22:30:00,F-104,XMEAS(6),before,78.728,-0.226,normal
INC0080,2026-05-25T22:45:00,F-104,XMEAS(6),during,58.245,2.815,abnormal
INC0080,2026-05-25T23:00:00,F-104,XMEAS(6),after,52.971,-0.654,normal
INC0080,2026-05-25T22:30:00,F-104,XMV(4),before,25.109,0.975,normal
INC0080,2026-05-25T22:45:00,F-104,XMV(4),during,20.966,3.099,abnormal
INC0080,2026-05-25T23:00:00,F-104,XMV(4),after,84.581,-0.569,normal
INC0081,2026-03-28T16:55:00,R-101,XMEAS(7),before,71.097,0.397,normal
INC0081,2026-03-28T17:10:00,R-101,XMEAS(7),during,24.053,3.539,abnormal
INC0081,2026-03-28T17:25:00,R-101,XMEAS(7),after,50.414,-0.828,normal
INC0081,2026-03-28T16:55:00,R-101,XMEAS(8),before,62.618,-0.093,normal
INC0081,2026-03-28T17:10:00,R-101,XMEAS(8),during,71.919,2.626,abnormal
INC0081,2026-03-28T17:25:00,R-101,XMEAS(8),after,28.361,0.481,normal
INC0081,2026-03-28T16:55:00,R-101,XMEAS(9),before,69.105,0.416,normal
INC0081,2026-03-28T17:10:00,R-101,XMEAS(9),during,86.711,2.379,abnormal
INC0081,2026-03-28T17:25:00,R-101,XMEAS(9),after,74.809,0.046,normal
INC0081,2026-03-28T16:55:00,R-101,XMEAS(21),before,31.687,0.442,normal
INC0081,2026-03-28T17:10:00,R-101,XMEAS(21),during,74.679,2.316,abnormal
INC0081,2026-03-28T17:25:00,R-101,XMEAS(21),after,82.049,-0.462,normal
INC0082,2026-02-27T10:30:00,F-104,XMEAS(4),before,28.073,0.348,normal
INC0082,2026-02-27T10:45:00,F-104,XMEAS(4),during,20.18,3.359,abnormal
INC0082,2026-02-27T11:00:00,F-104,XMEAS(4),after,20.86,0.717,normal
INC0082,2026-02-27T10:30:00,F-104,XMEAS(6),before,45.478,-0.908,normal
INC0082,2026-02-27T10:45:00,F-104,XMEAS(6),during,32.527,3.664,abnormal
INC0082,2026-02-27T11:00:00,F-104,XMEAS(6),after,22.475,0.921,normal
INC0082,2026-02-27T10:30:00,F-104,XMV(4),before,69.981,0.606,normal
INC0082,2026-02-27T10:45:00,F-104,XMV(4),during,35.716,3.215,abnormal
INC0082,2026-02-27T11:00:00,F-104,XMV(4),after,84.11,-0.503,normal
INC0083,2026-02-16T13:30:00,CW-101,XMEAS(21),before,40.412,-0.262,normal
INC0083,2026-02-16T13:45:00,CW-101,XMEAS(21),during,71.77,3.434,abnormal
INC0083,2026-02-16T14:00:00,CW-101,XMEAS(21),after,45.779,-0.515,normal
INC0083,2026-02-16T13:30:00,CW-101,XMV(10),before,89.845,0.944,normal
INC0083,2026-02-16T13:45:00,CW-101,XMV(10),during,71.272,3.419,abnormal
INC0083,2026-02-16T14:00:00,CW-101,XMV(10),after,75.718,0.093,normal
INC0084,2026-01-02T08:00:00,CW-201,XMEAS(22),before,26.512,0.423,normal
INC0084,2026-01-02T08:15:00,CW-201,XMEAS(22),during,82.81,3.666,abnormal
INC0084,2026-01-02T08:30:00,CW-201,XMEAS(22),after,69.059,0.04,normal
INC0084,2026-01-02T08:00:00,CW-201,XMV(11),before,88.219,-0.255,normal
INC0084,2026-01-02T08:15:00,CW-201,XMV(11),during,26.69,2.244,abnormal
INC0084,2026-01-02T08:30:00,CW-201,XMV(11),after,77.397,-0.733,normal
INC0085,2026-04-12T06:05:00,F-102,XMEAS(2),before,51.47,-0.789,normal
INC0085,2026-04-12T06:20:00,F-102,XMEAS(2),during,28.452,2.634,abnormal
INC0085,2026-04-12T06:35:00,F-102,XMEAS(2),after,73.924,-0.283,normal
INC0085,2026-04-12T06:05:00,F-102,XMV(1),before,52.434,-0.096,normal
INC0085,2026-04-12T06:20:00,F-102,XMV(1),during,26.329,3.549,abnormal
INC0085,2026-04-12T06:35:00,F-102,XMV(1),after,41.295,0.615,normal
INC0086,2026-01-08T02:50:00,R-101,XMEAS(7),before,52.343,-0.5,normal
INC0086,2026-01-08T03:05:00,R-101,XMEAS(7),during,29.786,3.467,abnormal
INC0086,2026-01-08T03:20:00,R-101,XMEAS(7),after,78.126,-0.976,normal
INC0086,2026-01-08T02:50:00,R-101,XMEAS(8),before,29.15,0.965,normal
INC0086,2026-01-08T03:05:00,R-101,XMEAS(8),during,46.057,3.5,abnormal
INC0086,2026-01-08T03:20:00,R-101,XMEAS(8),after,65.128,0.261,normal
INC0086,2026-01-08T02:50:00,R-101,XMEAS(9),before,38.117,0.165,normal
INC0086,2026-01-08T03:05:00,R-101,XMEAS(9),during,21.526,3.482,abnormal
INC0086,2026-01-08T03:20:00,R-101,XMEAS(9),after,83.175,-0.871,normal
INC0086,2026-01-08T02:50:00,R-101,XMEAS(21),before,29.015,-0.113,normal
INC0086,2026-01-08T03:05:00,R-101,XMEAS(21),during,78.055,3.639,abnormal
INC0086,2026-01-08T03:20:00,R-101,XMEAS(21),after,22.989,-0.337,normal
INC0087,2026-01-09T20:50:00,CW-201,XMEAS(22),before,37.205,0.238,normal
INC0087,2026-01-09T21:05:00,CW-201,XMEAS(22),during,48.839,2.602,abnormal
INC0087,2026-01-09T21:20:00,CW-201,XMEAS(22),after,24.269,0.101,normal
INC0087,2026-01-09T20:50:00,CW-201,XMV(11),before,29.607,-0.44,normal
INC0087,2026-01-09T21:05:00,CW-201,XMV(11),during,81.926,2.439,abnormal
INC0087,2026-01-09T21:20:00,CW-201,XMV(11),after,64.153,0.052,normal
INC0088,2026-05-16T20:45:00,T-401,XMEAS(15),before,89.407,-0.883,normal
INC0088,2026-05-16T21:00:00,T-401,XMEAS(15),during,73.679,3.0,abnormal
INC0088,2026-05-16T21:15:00,T-401,XMEAS(15),after,88.179,0.999,normal
INC0088,2026-05-16T20:45:00,T-401,XMEAS(16),before,65.981,-0.8,normal
INC0088,2026-05-16T21:00:00,T-401,XMEAS(16),during,77.14,2.553,abnormal
INC0088,2026-05-16T21:15:00,T-401,XMEAS(16),after,23.914,0.835,normal
INC0088,2026-05-16T20:45:00,T-401,XMEAS(17),before,35.359,0.993,normal
INC0088,2026-05-16T21:00:00,T-401,XMEAS(17),during,75.817,3.539,abnormal
INC0088,2026-05-16T21:15:00,T-401,XMEAS(17),after,78.746,-0.29,normal
INC0088,2026-05-16T20:45:00,T-401,XMEAS(18),before,32.327,0.69,normal
INC0088,2026-05-16T21:00:00,T-401,XMEAS(18),during,76.435,3.107,abnormal
INC0088,2026-05-16T21:15:00,T-401,XMEAS(18),after,83.979,0.395,normal
INC0089,2026-05-01T07:15:00,F-104,XMEAS(4),before,29.134,-0.597,normal
INC0089,2026-05-01T07:30:00,F-104,XMEAS(4),during,84.315,3.319,abnormal
INC0089,2026-05-01T07:45:00,F-104,XMEAS(4),after,42.651,0.689,normal
INC0089,2026-05-01T07:15:00,F-104,XMEAS(6),before,61.063,-0.956,normal
INC0089,2026-05-01T07:30:00,F-104,XMEAS(6),during,74.206,3.659,abnormal
INC0089,2026-05-01T07:45:00,F-104,XMEAS(6),after,80.247,0.693,normal
INC0089,2026-05-01T07:15:00,F-104,XMV(4),before,46.151,0.921,normal
INC0089,2026-05-01T07:30:00,F-104,XMV(4),during,47.692,3.701,abnormal
INC0089,2026-05-01T07:45:00,F-104,XMV(4),after,41.124,-0.798,normal
INC0090,2026-01-28T03:15:00,CW-201,XMEAS(22),before,62.167,-0.935,normal
INC0090,2026-01-28T03:30:00,CW-201,XMEAS(22),during,87.727,3.666,abnormal
INC0090,2026-01-28T03:45:00,CW-201,XMEAS(22),after,59.589,-0.558,normal
INC0090,2026-01-28T03:15:00,CW-201,XMV(11),before,29.845,0.873,normal
INC0090,2026-01-28T03:30:00,CW-201,XMV(11),during,36.66,3.367,abnormal
INC0090,2026-01-28T03:45:00,CW-201,XMV(11),after,31.752,0.965,normal
INC0091,2026-05-21T11:15:00,F-102,XMEAS(2),before,54.516,0.769,normal
INC0091,2026-05-21T11:30:00,F-102,XMEAS(2),during,58.222,2.744,abnormal
INC0091,2026-05-21T11:45:00,F-102,XMEAS(2),after,53.564,-0.797,normal
INC0091,2026-05-21T11:15:00,F-102,XMV(1),before,65.568,0.728,normal
INC0091,2026-05-21T11:30:00,F-102,XMV(1),during,31.386,3.268,abnormal
INC0091,2026-05-21T11:45:00,F-102,XMV(1),after,79.203,-0.853,normal
INC0092,2026-01-04T15:55:00,F-104,XMEAS(4),before,50.394,0.215,normal
INC0092,2026-01-04T16:10:00,F-104,XMEAS(4),during,43.177,2.191,abnormal
INC0092,2026-01-04T16:25:00,F-104,XMEAS(4),after,48.65,0.949,normal
INC0092,2026-01-04T15:55:00,F-104,XMEAS(6),before,84.79,0.108,normal
INC0092,2026-01-04T16:10:00,F-104,XMEAS(6),during,66.242,3.018,abnormal
INC0092,2026-01-04T16:25:00,F-104,XMEAS(6),after,26.714,-0.405,normal
INC0092,2026-01-04T15:55:00,F-104,XMV(4),before,58.476,-0.214,normal
INC0092,2026-01-04T16:10:00,F-104,XMV(4),during,23.815,2.935,abnormal
INC0092,2026-01-04T16:25:00,F-104,XMV(4),after,26.134,-0.992,normal
INC0093,2026-03-24T04:50:00,R-101,XMEAS(7),before,38.431,-0.108,normal
INC0093,2026-03-24T05:05:00,R-101,XMEAS(7),during,35.837,2.891,abnormal
INC0093,2026-03-24T05:20:00,R-101,XMEAS(7),after,24.315,-0.463,normal
INC0093,2026-03-24T04:50:00,R-101,XMEAS(8),before,66.723,0.504,normal
INC0093,2026-03-24T05:05:00,R-101,XMEAS(8),during,44.065,2.246,abnormal
INC0093,2026-03-24T05:20:00,R-101,XMEAS(8),after,87.949,0.083,normal
INC0093,2026-03-24T04:50:00,R-101,XMEAS(9),before,58.752,0.179,normal
INC0093,2026-03-24T05:05:00,R-101,XMEAS(9),during,77.288,3.529,abnormal
INC0093,2026-03-24T05:20:00,R-101,XMEAS(9),after,57.486,-0.163,normal
INC0093,2026-03-24T04:50:00,R-101,XMEAS(21),before,53.238,0.734,normal
INC0093,2026-03-24T05:05:00,R-101,XMEAS(21),during,53.338,3.599,abnormal
INC0093,2026-03-24T05:20:00,R-101,XMEAS(21),after,83.194,-0.842,normal
INC0094,2026-03-27T22:05:00,F-101,XMEAS(1),before,63.906,0.995,normal
INC0094,2026-03-27T22:20:00,F-101,XMEAS(1),during,38.052,3.518,abnormal
INC0094,2026-03-27T22:35:00,F-101,XMEAS(1),after,83.992,0.822,normal
INC0094,2026-03-27T22:05:00,F-101,XMV(3),before,47.167,-0.866,normal
INC0094,2026-03-27T22:20:00,F-101,XMV(3),during,42.829,2.776,abnormal
INC0094,2026-03-27T22:35:00,F-101,XMV(3),after,52.071,-0.448,normal
INC0095,2026-05-15T11:15:00,F-104,XMEAS(4),before,32.054,-0.054,normal
INC0095,2026-05-15T11:30:00,F-104,XMEAS(4),during,63.277,2.785,abnormal
INC0095,2026-05-15T11:45:00,F-104,XMEAS(4),after,48.12,0.362,normal
INC0095,2026-05-15T11:15:00,F-104,XMEAS(6),before,81.527,-0.208,normal
INC0095,2026-05-15T11:30:00,F-104,XMEAS(6),during,23.45,3.274,abnormal
INC0095,2026-05-15T11:45:00,F-104,XMEAS(6),after,38.801,-0.05,normal
INC0095,2026-05-15T11:15:00,F-104,XMV(4),before,43.651,-0.255,normal
INC0095,2026-05-15T11:30:00,F-104,XMV(4),during,41.766,3.449,abnormal
INC0095,2026-05-15T11:45:00,F-104,XMV(4),after,80.076,0.686,normal
INC0096,2026-05-29T12:50:00,CW-101,XMEAS(21),before,56.7,0.561,normal
INC0096,2026-05-29T13:05:00,CW-101,XMEAS(21),during,32.162,3.067,abnormal
INC0096,2026-05-29T13:20:00,CW-101,XMEAS(21),after,34.051,0.75,normal
INC0096,2026-05-29T12:50:00,CW-101,XMV(10),before,22.315,-0.885,normal
INC0096,2026-05-29T13:05:00,CW-101,XMV(10),during,45.226,2.186,abnormal
INC0096,2026-05-29T13:20:00,CW-101,XMV(10),after,45.785,-0.602,normal
INC0097,2026-03-28T10:00:00,CW-201,XMEAS(22),before,67.439,0.295,normal
INC0097,2026-03-28T10:15:00,CW-201,XMEAS(22),during,48.666,2.557,abnormal
INC0097,2026-03-28T10:30:00,CW-201,XMEAS(22),after,74.621,-0.96,normal
INC0097,2026-03-28T10:00:00,CW-201,XMV(11),before,20.623,0.535,normal
INC0097,2026-03-28T10:15:00,CW-201,XMV(11),during,65.316,3.65,abnormal
INC0097,2026-03-28T10:30:00,CW-201,XMV(11),after,20.592,0.202,normal
INC0098,2026-04-15T01:30:00,F-102,XMEAS(2),before,62.634,0.295,normal
INC0098,2026-04-15T01:45:00,F-102,XMEAS(2),during,27.567,2.607,abnormal
INC0098,2026-04-15T02:00:00,F-102,XMEAS(2),after,89.185,-0.872,normal
INC0098,2026-04-15T01:30:00,F-102,XMV(1),before,80.304,0.281,normal
INC0098,2026-04-15T01:45:00,F-102,XMV(1),during,69.777,2.544,abnormal
INC0098,2026-04-15T02:00:00,F-102,XMV(1),after,40.915,0.785,normal
INC0099,2026-03-30T12:30:00,CW-201,XMEAS(22),before,53.301,0.277,normal
INC0099,2026-03-30T12:45:00,CW-201,XMEAS(22),during,45.095,3.699,abnormal
INC0099,2026-03-30T13:00:00,CW-201,XMEAS(22),after,31.899,-0.4,normal
INC0099,2026-03-30T12:30:00,CW-201,XMV(11),before,59.077,0.315,normal
INC0099,2026-03-30T12:45:00,CW-201,XMV(11),during,52.955,2.599,abnormal
INC0099,2026-03-30T13:00:00,CW-201,XMV(11),after,70.763,0.482,normal
INC0100,2026-05-11T09:50:00,T-401,XMEAS(15),before,80.648,-0.059,normal
INC0100,2026-05-11T10:05:00,T-401,XMEAS(15),during,86.101,3.092,abnormal
INC0100,2026-05-11T10:20:00,T-401,XMEAS(15),after,82.26,-0.858,normal
INC0100,2026-05-11T09:50:00,T-401,XMEAS(16),before,80.725,0.001,normal
INC0100,2026-05-11T10:05:00,T-401,XMEAS(16),during,40.885,2.749,abnormal
INC0100,2026-05-11T10:20:00,T-401,XMEAS(16),after,79.797,-0.892,normal
INC0100,2026-05-11T09:50:00,T-401,XMEAS(17),before,34.021,-0.725,normal
INC0100,2026-05-11T10:05:00,T-401,XMEAS(17),during,59.858,2.796,abnormal
INC0100,2026-05-11T10:20:00,T-401,XMEAS(17),after,52.03,0.813,normal
INC0100,2026-05-11T09:50:00,T-401,XMEAS(18),before,70.097,-0.367,normal
INC0100,2026-05-11T10:05:00,T-401,XMEAS(18),during,54.131,3.424,abnormal
INC0100,2026-05-11T10:20:00,T-401,XMEAS(18),after,32.378,0.262,normal
INC0101,2026-01-02T01:00:00,F-101,XMEAS(1),before,72.979,0.784,normal
INC0101,2026-01-02T01:15:00,F-101,XMEAS(1),during,21.254,3.003,abnormal
INC0101,2026-01-02T01:30:00,F-101,XMEAS(1),after,71.352,-0.992,normal
INC0101,2026-01-02T01:00:00,F-101,XMV(3),before,81.389,-0.547,normal
INC0101,2026-01-02T01:15:00,F-101,XMV(3),during,27.19,2.631,abnormal
INC0101,2026-01-02T01:30:00,F-101,XMV(3),after,41.428,0.007,normal
INC0102,2026-05-21T19:45:00,F-102,XMEAS(2),before,61.278,0.468,normal
INC0102,2026-05-21T20:00:00,F-102,XMEAS(2),during,45.661,2.387,abnormal
INC0102,2026-05-21T20:15:00,F-102,XMEAS(2),after,22.615,0.301,normal
INC0102,2026-05-21T19:45:00,F-102,XMV(1),before,37.905,0.753,normal
INC0102,2026-05-21T20:00:00,F-102,XMV(1),during,23.401,3.009,abnormal
INC0102,2026-05-21T20:15:00,F-102,XMV(1),after,66.338,0.989,normal
INC0103,2026-01-09T11:15:00,F-104,XMEAS(4),before,27.344,0.661,normal
INC0103,2026-01-09T11:30:00,F-104,XMEAS(4),during,28.241,3.322,abnormal
INC0103,2026-01-09T11:45:00,F-104,XMEAS(4),after,27.438,-0.772,normal
INC0103,2026-01-09T11:15:00,F-104,XMEAS(6),before,33.982,-0.603,normal
INC0103,2026-01-09T11:30:00,F-104,XMEAS(6),during,56.62,2.547,abnormal
INC0103,2026-01-09T11:45:00,F-104,XMEAS(6),after,69.241,-0.597,normal
INC0103,2026-01-09T11:15:00,F-104,XMV(4),before,22.758,-0.409,normal
INC0103,2026-01-09T11:30:00,F-104,XMV(4),during,34.539,2.944,abnormal
INC0103,2026-01-09T11:45:00,F-104,XMV(4),after,43.142,0.866,normal
INC0104,2026-01-03T10:15:00,F-104,XMEAS(4),before,26.987,-0.071,normal
INC0104,2026-01-03T10:30:00,F-104,XMEAS(4),during,22.761,2.397,abnormal
INC0104,2026-01-03T10:45:00,F-104,XMEAS(4),after,76.112,-0.419,normal
INC0104,2026-01-03T10:15:00,F-104,XMEAS(6),before,71.698,-0.375,normal
INC0104,2026-01-03T10:30:00,F-104,XMEAS(6),during,73.074,2.261,abnormal
INC0104,2026-01-03T10:45:00,F-104,XMEAS(6),after,79.64,-0.908,normal
INC0104,2026-01-03T10:15:00,F-104,XMV(4),before,31.936,0.327,normal
INC0104,2026-01-03T10:30:00,F-104,XMV(4),during,50.64,2.708,abnormal
INC0104,2026-01-03T10:45:00,F-104,XMV(4),after,81.493,0.244,normal
INC0105,2026-03-05T20:30:00,F-102,XMEAS(2),before,32.688,0.357,normal
INC0105,2026-03-05T20:45:00,F-102,XMEAS(2),during,45.102,2.746,abnormal
INC0105,2026-03-05T21:00:00,F-102,XMEAS(2),after,67.912,-0.942,normal
INC0105,2026-03-05T20:30:00,F-102,XMV(1),before,88.141,0.677,normal
INC0105,2026-03-05T20:45:00,F-102,XMV(1),during,84.428,2.322,abnormal
INC0105,2026-03-05T21:00:00,F-102,XMV(1),after,48.79,-0.774,normal
INC0106,2026-01-12T00:55:00,F-101,XMEAS(1),before,30.985,0.287,normal
INC0106,2026-01-12T01:10:00,F-101,XMEAS(1),during,79.631,3.543,abnormal
INC0106,2026-01-12T01:25:00,F-101,XMEAS(1),after,25.241,0.739,normal
INC0106,2026-01-12T00:55:00,F-101,XMV(3),before,36.862,-0.017,normal
INC0106,2026-01-12T01:10:00,F-101,XMV(3),during,23.525,3.749,abnormal
INC0106,2026-01-12T01:25:00,F-101,XMV(3),after,65.032,-0.555,normal
INC0107,2026-05-20T15:50:00,R-101,XMEAS(7),before,59.363,0.78,normal
INC0107,2026-05-20T16:05:00,R-101,XMEAS(7),during,51.935,3.213,abnormal
INC0107,2026-05-20T16:20:00,R-101,XMEAS(7),after,77.772,-0.318,normal
INC0107,2026-05-20T15:50:00,R-101,XMEAS(8),before,79.102,0.633,normal
INC0107,2026-05-20T16:05:00,R-101,XMEAS(8),during,73.719,2.664,abnormal
INC0107,2026-05-20T16:20:00,R-101,XMEAS(8),after,70.166,0.2,normal
INC0107,2026-05-20T15:50:00,R-101,XMEAS(9),before,51.677,-0.273,normal
INC0107,2026-05-20T16:05:00,R-101,XMEAS(9),during,66.124,2.266,abnormal
INC0107,2026-05-20T16:20:00,R-101,XMEAS(9),after,44.86,-0.996,normal
INC0107,2026-05-20T15:50:00,R-101,XMEAS(21),before,75.994,0.267,normal
INC0107,2026-05-20T16:05:00,R-101,XMEAS(21),during,46.172,3.031,abnormal
INC0107,2026-05-20T16:20:00,R-101,XMEAS(21),after,82.781,-0.787,normal
INC0108,2026-01-25T05:30:00,R-101,XMEAS(7),before,78.623,0.853,normal
INC0108,2026-01-25T05:45:00,R-101,XMEAS(7),during,74.05,3.101,abnormal
INC0108,2026-01-25T06:00:00,R-101,XMEAS(7),after,66.092,-0.099,normal
INC0108,2026-01-25T05:30:00,R-101,XMEAS(8),before,29.425,0.912,normal
INC0108,2026-01-25T05:45:00,R-101,XMEAS(8),during,57.126,2.948,abnormal
INC0108,2026-01-25T06:00:00,R-101,XMEAS(8),after,85.472,-0.903,normal
INC0108,2026-01-25T05:30:00,R-101,XMEAS(9),before,53.805,0.678,normal
INC0108,2026-01-25T05:45:00,R-101,XMEAS(9),during,84.481,2.964,abnormal
INC0108,2026-01-25T06:00:00,R-101,XMEAS(9),after,60.499,-0.646,normal
INC0108,2026-01-25T05:30:00,R-101,XMEAS(21),before,28.987,0.461,normal
INC0108,2026-01-25T05:45:00,R-101,XMEAS(21),during,62.038,2.759,abnormal
INC0108,2026-01-25T06:00:00,R-101,XMEAS(21),after,55.288,0.765,normal
INC0109,2026-03-13T16:05:00,R-101,XMEAS(7),before,63.692,-0.598,normal
INC0109,2026-03-13T16:20:00,R-101,XMEAS(7),during,44.171,2.594,abnormal
INC0109,2026-03-13T16:35:00,R-101,XMEAS(7),after,88.693,0.345,normal
INC0109,2026-03-13T16:05:00,R-101,XMEAS(8),before,87.083,0.3,normal
INC0109,2026-03-13T16:20:00,R-101,XMEAS(8),during,68.602,2.957,abnormal
INC0109,2026-03-13T16:35:00,R-101,XMEAS(8),after,28.078,-0.355,normal
INC0109,2026-03-13T16:05:00,R-101,XMEAS(9),before,53.626,-0.296,normal
INC0109,2026-03-13T16:20:00,R-101,XMEAS(9),during,66.701,3.07,abnormal
INC0109,2026-03-13T16:35:00,R-101,XMEAS(9),after,72.351,-0.165,normal
INC0109,2026-03-13T16:05:00,R-101,XMEAS(21),before,40.015,0.683,normal
INC0109,2026-03-13T16:20:00,R-101,XMEAS(21),during,76.581,3.54,abnormal
INC0109,2026-03-13T16:35:00,R-101,XMEAS(21),after,21.769,0.045,normal
INC0110,2026-01-10T07:15:00,CW-201,XMEAS(22),before,71.764,0.736,normal
INC0110,2026-01-10T07:30:00,CW-201,XMEAS(22),during,71.969,3.57,abnormal
INC0110,2026-01-10T07:45:00,CW-201,XMEAS(22),after,36.632,0.123,normal
INC0110,2026-01-10T07:15:00,CW-201,XMV(11),before,75.918,0.569,normal
INC0110,2026-01-10T07:30:00,CW-201,XMV(11),during,66.515,2.589,abnormal
INC0110,2026-01-10T07:45:00,CW-201,XMV(11),after,47.129,0.853,normal
INC0111,2026-04-05T10:45:00,CW-101,XMEAS(21),before,39.538,-0.919,normal
INC0111,2026-04-05T11:00:00,CW-101,XMEAS(21),during,31.265,2.549,abnormal
INC0111,2026-04-05T11:15:00,CW-101,XMEAS(21),after,20.395,0.692,normal
INC0111,2026-04-05T10:45:00,CW-101,XMV(10),before,85.625,-0.067,normal
INC0111,2026-04-05T11:00:00,CW-101,XMV(10),during,85.004,2.168,abnormal
INC0111,2026-04-05T11:15:00,CW-101,XMV(10),after,74.156,0.194,normal
INC0112,2026-05-25T03:15:00,R-101,XMEAS(7),before,81.838,-0.301,normal
INC0112,2026-05-25T03:30:00,R-101,XMEAS(7),during,43.175,3.228,abnormal
INC0112,2026-05-25T03:45:00,R-101,XMEAS(7),after,86.522,-0.413,normal
INC0112,2026-05-25T03:15:00,R-101,XMEAS(8),before,53.24,0.237,normal
INC0112,2026-05-25T03:30:00,R-101,XMEAS(8),during,72.649,3.054,abnormal
INC0112,2026-05-25T03:45:00,R-101,XMEAS(8),after,28.031,0.299,normal
INC0112,2026-05-25T03:15:00,R-101,XMEAS(9),before,36.824,-0.308,normal
INC0112,2026-05-25T03:30:00,R-101,XMEAS(9),during,84.303,3.192,abnormal
INC0112,2026-05-25T03:45:00,R-101,XMEAS(9),after,22.791,-0.512,normal
INC0112,2026-05-25T03:15:00,R-101,XMEAS(21),before,46.696,0.771,normal
INC0112,2026-05-25T03:30:00,R-101,XMEAS(21),during,27.936,3.454,abnormal
INC0112,2026-05-25T03:45:00,R-101,XMEAS(21),after,70.678,-0.487,normal
INC0113,2026-03-30T11:30:00,F-104,XMEAS(4),before,64.066,-0.578,normal
INC0113,2026-03-30T11:45:00,F-104,XMEAS(4),during,67.978,2.462,abnormal
INC0113,2026-03-30T12:00:00,F-104,XMEAS(4),after,34.391,0.671,normal
INC0113,2026-03-30T11:30:00,F-104,XMEAS(6),before,81.505,0.657,normal
INC0113,2026-03-30T11:45:00,F-104,XMEAS(6),during,50.467,3.36,abnormal
INC0113,2026-03-30T12:00:00,F-104,XMEAS(6),after,25.048,0.634,normal
INC0113,2026-03-30T11:30:00,F-104,XMV(4),before,21.663,0.372,normal
INC0113,2026-03-30T11:45:00,F-104,XMV(4),during,22.652,3.319,abnormal
INC0113,2026-03-30T12:00:00,F-104,XMV(4),after,32.459,-0.854,normal
INC0114,2026-04-06T10:45:00,F-102,XMEAS(2),before,27.429,0.856,normal
INC0114,2026-04-06T11:00:00,F-102,XMEAS(2),during,41.095,3.438,abnormal
INC0114,2026-04-06T11:15:00,F-102,XMEAS(2),after,73.569,-0.827,normal
INC0114,2026-04-06T10:45:00,F-102,XMV(1),before,47.658,-0.125,normal
INC0114,2026-04-06T11:00:00,F-102,XMV(1),during,53.179,3.223,abnormal
INC0114,2026-04-06T11:15:00,F-102,XMV(1),after,29.547,0.067,normal
INC0115,2026-05-17T05:30:00,R-101,XMEAS(7),before,25.959,0.095,normal
INC0115,2026-05-17T05:45:00,R-101,XMEAS(7),during,71.9,2.457,abnormal
INC0115,2026-05-17T06:00:00,R-101,XMEAS(7),after,34.822,0.452,normal
INC0115,2026-05-17T05:30:00,R-101,XMEAS(8),before,79.602,0.811,normal
INC0115,2026-05-17T05:45:00,R-101,XMEAS(8),during,32.879,2.342,abnormal
INC0115,2026-05-17T06:00:00,R-101,XMEAS(8),after,37.692,0.234,normal
INC0115,2026-05-17T05:30:00,R-101,XMEAS(9),before,66.968,-0.771,normal
INC0115,2026-05-17T05:45:00,R-101,XMEAS(9),during,23.807,3.064,abnormal
INC0115,2026-05-17T06:00:00,R-101,XMEAS(9),after,89.305,0.502,normal
INC0115,2026-05-17T05:30:00,R-101,XMEAS(21),before,65.127,0.098,normal
INC0115,2026-05-17T05:45:00,R-101,XMEAS(21),during,67.018,2.224,abnormal
INC0115,2026-05-17T06:00:00,R-101,XMEAS(21),after,33.819,-0.499,normal
INC0116,2026-03-25T08:55:00,K-501,XMEAS(5),before,42.143,-0.271,normal
INC0116,2026-03-25T09:10:00,K-501,XMEAS(5),during,20.338,2.828,abnormal
INC0116,2026-03-25T09:25:00,K-501,XMEAS(5),after,35.507,-0.508,normal
INC0116,2026-03-25T08:55:00,K-501,XMEAS(20),before,50.529,0.48,normal
INC0116,2026-03-25T09:10:00,K-501,XMEAS(20),during,29.401,3.528,abnormal
INC0116,2026-03-25T09:25:00,K-501,XMEAS(20),after,81.452,0.466,normal
INC0116,2026-03-25T08:55:00,K-501,XMV(5),before,45.112,-0.074,normal
INC0116,2026-03-25T09:10:00,K-501,XMV(5),during,58.617,2.619,abnormal
INC0116,2026-03-25T09:25:00,K-501,XMV(5),after,62.464,-0.648,normal
INC0117,2026-05-27T19:30:00,F-102,XMEAS(2),before,74.05,-0.553,normal
INC0117,2026-05-27T19:45:00,F-102,XMEAS(2),during,40.37,3.346,abnormal
INC0117,2026-05-27T20:00:00,F-102,XMEAS(2),after,55.729,-0.071,normal
INC0117,2026-05-27T19:30:00,F-102,XMV(1),before,55.152,-0.206,normal
INC0117,2026-05-27T19:45:00,F-102,XMV(1),during,79.359,3.227,abnormal
INC0117,2026-05-27T20:00:00,F-102,XMV(1),after,62.983,0.613,normal
INC0118,2026-05-10T11:05:00,F-101,XMEAS(1),before,45.288,0.815,normal
INC0118,2026-05-10T11:20:00,F-101,XMEAS(1),during,51.825,2.898,abnormal
INC0118,2026-05-10T11:35:00,F-101,XMEAS(1),after,88.641,-0.907,normal
INC0118,2026-05-10T11:05:00,F-101,XMV(3),before,69.262,-0.352,normal
INC0118,2026-05-10T11:20:00,F-101,XMV(3),during,78.075,2.986,abnormal
INC0118,2026-05-10T11:35:00,F-101,XMV(3),after,38.432,0.67,normal
INC0119,2026-04-08T12:50:00,T-401,XMEAS(15),before,50.793,0.764,normal
INC0119,2026-04-08T13:05:00,T-401,XMEAS(15),during,56.018,2.491,abnormal
INC0119,2026-04-08T13:20:00,T-401,XMEAS(15),after,30.517,-0.438,normal
INC0119,2026-04-08T12:50:00,T-401,XMEAS(16),before,62.141,-0.685,normal
INC0119,2026-04-08T13:05:00,T-401,XMEAS(16),during,66.278,3.489,abnormal
INC0119,2026-04-08T13:20:00,T-401,XMEAS(16),after,43.116,-0.171,normal
INC0119,2026-04-08T12:50:00,T-401,XMEAS(17),before,67.266,-0.773,normal
INC0119,2026-04-08T13:05:00,T-401,XMEAS(17),during,61.355,2.914,abnormal
INC0119,2026-04-08T13:20:00,T-401,XMEAS(17),after,48.763,0.295,normal
INC0119,2026-04-08T12:50:00,T-401,XMEAS(18),before,28.952,-0.513,normal
INC0119,2026-04-08T13:05:00,T-401,XMEAS(18),during,29.431,3.107,abnormal
INC0119,2026-04-08T13:20:00,T-401,XMEAS(18),after,82.356,0.025,normal
INC0120,2026-01-10T18:50:00,CW-201,XMEAS(22),before,32.732,0.641,normal
INC0120,2026-01-10T19:05:00,CW-201,XMEAS(22),during,38.516,3.221,abnormal
INC0120,2026-01-10T19:20:00,CW-201,XMEAS(22),after,43.987,0.448,normal
INC0120,2026-01-10T18:50:00,CW-201,XMV(11),before,61.342,-0.093,normal
INC0120,2026-01-10T19:05:00,CW-201,XMV(11),during,46.982,2.491,abnormal
INC0120,2026-01-10T19:20:00,CW-201,XMV(11),after,34.164,-0.783,normal
